{"cameraMode":{"drawMode":0,"name":"Shaded","section":"Shading Mode"},"sceneLighting":true,"audioPlay":false,"sceneViewState":{"showFog":true,"showMaterialUpdate":false,"showSkybox":true,"showFlares":true,"showImageEffects":true,"showParticleSystems":true},"in2DMode":false,"pivot":{"x":-2.3583855628967287,"y":18.23113250732422,"z":10.295494079589844},"rotation":{"x":-0.11552406847476959,"y":0.021450871601700784,"z":-0.0024953866377472879,"w":-0.9930698275566101},"size":28.535619735717775,"orthographic":false}