{"cameraMode":{"drawMode":0,"name":"Shaded","section":"Shading Mode"},"sceneLighting":false,"audioPlay":false,"sceneViewState":{"showFog":true,"showMaterialUpdate":false,"showSkybox":false,"showFlares":true,"showImageEffects":true,"showParticleSystems":true},"in2DMode":false,"pivot":{"x":-6.375096797943115,"y":6.186764240264893,"z":14.207474708557129},"rotation":{"x":0.21596135199069978,"y":-0.6955356001853943,"z":0.23498934507369996,"w":0.6437199711799622},"size":5.717888355255127,"orthographic":false}