{"cameraMode":{"drawMode":0,"name":"Shaded","section":"Shading Mode"},"sceneLighting":true,"audioPlay":false,"sceneViewState":{"showFog":true,"showMaterialUpdate":false,"showSkybox":true,"showFlares":true,"showImageEffects":true,"showParticleSystems":true},"in2DMode":false,"pivot":{"x":-0.8861593008041382,"y":8.039871215820313,"z":-0.1527864933013916},"rotation":{"x":0.0306706540286541,"y":-0.07279428094625473,"z":0.003301142482087016,"w":0.9968781471252441},"size":3.23927903175354,"orthographic":false}