{"cameraMode":{"drawMode":0,"name":"Shaded","section":"Shading Mode"},"sceneLighting":true,"audioPlay":false,"sceneViewState":{"showFog":true,"showMaterialUpdate":false,"showSkybox":true,"showFlares":true,"showImageEffects":true,"showParticleSystems":true},"in2DMode":false,"pivot":{"x":2.032150983810425,"y":11.735718727111817,"z":4.6311750411987309},"rotation":{"x":0.054633911699056628,"y":0.10080905258655548,"z":-0.0044802045449614529,"w":0.9934020638465881},"size":18.540781021118165,"orthographic":false}