{"cameraMode":{"drawMode":0,"name":"Shaded","section":"Shading Mode"},"sceneLighting":false,"audioPlay":false,"sceneViewState":{"showFog":true,"showMaterialUpdate":false,"showSkybox":false,"showFlares":true,"showImageEffects":true,"showParticleSystems":true},"in2DMode":false,"pivot":{"x":-0.105473592877388,"y":-0.3260490894317627,"z":0.38423657417297366},"rotation":{"x":0.7289574146270752,"y":0.00732524786144495,"z":-0.006255705375224352,"w":0.6844947934150696},"size":2.932924509048462,"orthographic":false}