{"cameraMode":{"drawMode":0,"name":"Shaded","section":"Shading Mode"},"sceneLighting":false,"audioPlay":false,"sceneViewState":{"showFog":true,"showMaterialUpdate":false,"showSkybox":false,"showFlares":true,"showImageEffects":true,"showParticleSystems":true},"in2DMode":false,"pivot":{"x":-4.282326698303223,"y":7.690918922424316,"z":15.796215057373047},"rotation":{"x":0.023277288302779199,"y":-0.03688221052289009,"z":0.001918648718856275,"w":0.9990496039390564},"size":2.8578836917877199,"orthographic":false}