{"cameraMode":{"drawMode":0,"name":"Shaded","section":"Shading Mode"},"sceneLighting":true,"audioPlay":false,"sceneViewState":{"showFog":true,"showMaterialUpdate":false,"showSkybox":true,"showFlares":true,"showImageEffects":true,"showParticleSystems":true},"in2DMode":false,"pivot":{"x":66.9189682006836,"y":203.59483337402345,"z":4.6065826416015629},"rotation":{"x":0.06079613417387009,"y":-0.0008596600382588804,"z":0.0011112396605312825,"w":0.9981567859649658},"size":142.75628662109376,"orthographic":false}