{"cameraMode":{"drawMode":0,"name":"Shaded","section":"Shading Mode"},"sceneLighting":true,"audioPlay":false,"sceneViewState":{"showFog":true,"showMaterialUpdate":false,"showSkybox":true,"showFlares":true,"showImageEffects":true,"showParticleSystems":true},"in2DMode":false,"pivot":{"x":-7.37904167175293,"y":14.647298812866211,"z":2.5358242988586427},"rotation":{"x":-0.13440363109111787,"y":-0.5506061911582947,"z":-0.09036944061517716,"w":0.8189036846160889},"size":30.81254768371582,"orthographic":false}