{"cameraMode":{"drawMode":0,"name":"Shaded","section":"Shading Mode"},"sceneLighting":false,"audioPlay":false,"sceneViewState":{"showFog":true,"showMaterialUpdate":false,"showSkybox":false,"showFlares":true,"showImageEffects":true,"showParticleSystems":true},"in2DMode":false,"pivot":{"x":-4.282326698303223,"y":7.690918922424316,"z":15.796215057373047},"rotation":{"x":-0.08792030811309815,"y":0.8968256115913391,"z":-0.2069699466228485,"w":-0.38096922636032107},"size":1.9578840732574463,"orthographic":false}